sex,weighted_median_age,weighted_std_age
Female,39.0,22.998989559036303
Male,38.0,22.67120435900202
