sex,weighted_std_age
Female,22.998989559036303
Male,22.67120435900202
