sex,total_population,weighted_mean_age,weighted_std_age
Female,162786,38.9397958987787,22.998989559036303
Male,159034,37.7394477371039,22.67120435900202
